Produto Planilha,Produto ERP,ID,Ocorrências,Match
"Migração de Dados (Produtos Diversos)","Migração de Dados (Produtos Diversos)",5250006,3278,exato
"Ziggy (Migração de Dados)","Ziggy (Migração de Dados)",4050003,2668,exato
"Coca Cola 2l","Coca Cola 2l",570001,2349,exato
"Original 269ml","Original 269ml",540013,2075,exato
"Original 269ml 8 Unidades","Original 269ml 8 Unidades",540014,1827,exato
"Coko Coco 200ml","Coko Coco 200ml",690004,1801,exato
"Hot Coco Unidade","Hot Coco Unidade",1560005,1736,exato
"Red Bull 250ml","Red Bull 250ml",1080001,1723,exato
"Sukita 2l (Migração de Dados)","Sukita 2l (Migração de Dados)",4140013,1606,exato
"Skol 269ml","Skol 269ml",1680003,1595,exato
"Rothmans Blue Global","Rothmans Blue Global",1410005,1583,exato
"Rothmans / LM Unidade","Rothmans / LM Unidade",2430001,1547,exato
"Skol 269ml 15 Unidades","Skol 269ml 15 Unidades",1680005,1523,exato
"Heineken 330ml","Heineken 330ml",510007,1509,exato
"Moema 350ml 12 Unidades","Moema 350ml 12 Unidades",1650006,1509,exato
"Kit Kat Ao Leite 41,5gr","Kit Kat Ao Leite 41,5gr",1830018,1364,exato
"Itaipava 269ml","Itaipava 269ml",390001,1230,exato
"Stan Unidade","Stan Unidade",1860002,1216,exato
"Coca Cola 350ml","Coca Cola 350ml",600001,1203,exato
"Trident Menta 8gr","Trident Menta 8gr",1830009,1190,exato
"Amstel 269ml 12 Unidades","Amstel 269ml 12 Unidades",450002,1161,exato
"Nestlé (Migração de Dados)","Nestlé (Migração de Dados)",4170002,1151,exato
"Monster 473ml (Migração de Dados)","Monster 473ml (Migração de Dados)",4230001,1147,exato
"Lacta (Migração de Dados)","Lacta (Migração de Dados)",4170001,1130,exato
"Pitú 350ml","Pitú 350ml",1620002,1118,exato
"Frescca 510ml","Frescca 510ml",720002,1117,exato
"Gelo 5Kg","Gelo 5Kg",2490009,1082,exato
"Fofura Cebola 60gr","Fofura Cebola 60gr",2550005,1073,exato
"Guaraná Antarctica 2l","Guaraná Antarctica 2l",660003,1063,exato
"Zomo Natural Perfect","Zomo Natural Perfect",1860010,1030,exato
"Dose Chanceler 700ml","Dose Chanceler 700ml",690014,1014,exato
"Cantinho do Vale 880ml","Cantinho do Vale 880ml",1770003,1008,exato
"Pop!","Pop!",2040001,962,exato
"Fanta 2l (Migração de Dados)","Fanta 2l (Migração de Dados)",4140010,957,exato
"Gudang Unidade","Gudang Unidade",2430003,949,exato
"Zomo Seda Unidade","Zomo Seda Unidade",1860011,923,exato
"Dose (Migração de Dados)","Dose (Migração de Dados)",5250001,912,exato
"Dose Dober 700ml","Dose Dober 700ml",2490015,907,exato
"Torcida Pimenta Mexicana 60gr","Torcida Pimenta Mexicana 60gr",2550011,901,exato
"Draft Red 600ml","Draft Red 600ml",1770002,892,exato
"Bala Yogurt","Bala Yogurt",1860013,887,exato
"Del Valle 1l (Migração de Dados)","Del Valle 1l (Migração de Dados)",4140001,865,exato
"Copo Ultra 700ml","Copo Ultra 700ml",690013,850,exato
"Brahma Duplo Malte 350ml","Brahma Duplo Malte 350ml",840001,842,exato
"Dunhill Carlton","Dunhill Carlton",1410006,818,exato
"Coca Cola 2l Retornável","Coca Cola 2l Retornável",630012,814,exato
"Trento (Migração de Dados)","Trento (Migração de Dados)",5220004,762,exato
"Coca Cola 200ml","Coca Cola 200ml",2520007,748,exato
"Heineken 269ml 8 Unidades","Heineken 269ml 8 Unidades",510002,744,exato
"Baly 2l (Migração de Dados)","Baly 2l (Migração de Dados)",4050002,741,exato
"Heineken 269ml","Heineken 269ml",510001,739,exato
"Império Pilsen 269ml","Império Pilsen 269ml",1680001,737,exato
"Poosh!","Poosh!",3360001,734,exato
"Vibe 2l ","Vibe 2l ",660007,721,exato
"Smirnoff Ice Limão 275ml","Smirnoff Ice Limão 275ml",1200002,714,exato
"Halls (Migração de Dados)","Halls (Migração de Dados)",5220009,703,exato
"Marlboro / Dunhill Unidade","Marlboro / Dunhill Unidade",2430002,638,exato
"Spaten 350ml","Spaten 350ml",540020,636,exato
"Amstel 269ml","Amstel 269ml",450001,630,exato
"Zomo Strong Mint","Zomo Strong Mint",1860007,614,exato
"Dolly Guaraná 2l","Dolly Guaraná 2l",4140004,614,exato
"Funchal 2Kg","Funchal 2Kg",2490006,609,exato
"Itaipava 269ml 12 Unidades","Itaipava 269ml 12 Unidades",420001,608,exato
"Heineken 330ml 6 Unidades","Heineken 330ml 6 Unidades",510008,605,exato
"Crystal 1,5l","Crystal 1,5l",810001,594,exato
"Snickers 45gr","Snickers 45gr",1860006,567,exato
"Império Pilsen 269ml 12 Unidades","Império Pilsen 269ml 12 Unidades",1680002,553,exato
"Gomets","Gomets",2040002,551,exato
"Corona Extra 330ml","Corona Extra 330ml",540003,546,exato
"Brahma Duplo Malte 269ml 15 Unidades","Brahma Duplo Malte 269ml 15 Unidades",840004,537,exato
"Frescca Com Gás 510ml","Frescca Com Gás 510ml",750004,525,exato
"Beats GT Lata 269ml","Beats GT Lata 269ml",1110002,520,exato
"Heineken 330ml 0.0% Álcool","Heineken 330ml 0.0% Álcool",1080002,502,exato
"H2OH! 500ml (Migração de Dados)","H2OH! 500ml (Migração de Dados)",5220010,481,exato
"Pérgola Suave 1l","Pérgola Suave 1l",1470005,459,exato
"Budweiser 269ml 8 Unidades","Budweiser 269ml 8 Unidades",870002,456,exato
"Fanta 350ml (Migração de Dados)","Fanta 350ml (Migração de Dados)",4140011,435,exato
"Tiss Guaraná 2l","Tiss Guaraná 2l",2520004,432,exato
"Eisenbahn Ipa 355ml","Eisenbahn Ipa 355ml",1500004,429,exato
"Dose Cavalo Branco (Red Bull)","Dose Cavalo Branco (Red Bull)",2880002,429,exato
"Marlboro Red","Marlboro Red",1380001,419,exato
"Pinheirense 870ml","Pinheirense 870ml",1770004,419,exato
"Guaraná Antarctica 1l","Guaraná Antarctica 1l",3240003,418,exato
"Fumax 500gr","Fumax 500gr",2820001,415,exato
"Funchal 4Kg","Funchal 4Kg",2910011,396,exato
"Budweiser 269ml","Budweiser 269ml",870001,388,exato
"Del Valle 290ml (Migração de Dados)","Del Valle 290ml (Migração de Dados)",4140002,386,exato
"Gatorade (Migração de Dados) ","Gatorade (Migração de Dados) ",5220008,382,exato
"Lays Classica 70gr","Lays Classica 70gr",2640009,381,exato
"Brahma Duplo Malte 269ml","Brahma Duplo Malte 269ml",840003,373,exato
"Coca Cola 600ml","Coca Cola 600ml",660002,372,exato
"Fini Morango 15gr","Fini Morango 15gr",2730014,369,exato
"Passatempo Chocolate 130gr","Passatempo Chocolate 130gr",2730005,369,exato
"Colorado Appia 350ml","Colorado Appia 350ml",1800003,362,exato
"Cheetos Onda Requeijão 105gr","Cheetos Onda Requeijão 105gr",1740001,359,exato
"Corote 500ml","Corote 500ml",3480001,356,exato
"Spaten 269ml","Spaten 269ml",540018,348,exato
"Coca Cola 2l Zero Açúcar","Coca Cola 2l Zero Açúcar",570002,340,exato
"Guaraná Antarctica 200ml","Guaraná Antarctica 200ml",2520006,339,exato
"Nissin (Migração de Dados)","Nissin (Migração de Dados)",5220006,338,exato
"Doritos Queijo Nacho 37gr","Doritos Queijo Nacho 37gr",1740004,332,exato
"Bic Pequeno","Bic Pequeno",2850001,329,exato
"Budweiser 330ml","Budweiser 330ml",870004,327,exato
"Petra 269ml","Petra 269ml",420004,324,exato
"Guaraná Antarctica 350ml","Guaraná Antarctica 350ml",660005,315,exato
"Dose Jack Daniel's  700ml","Dose Jack Daniel's  700ml",1980002,313,exato
"Hocus Pocus (Migração de Dados)","Hocus Pocus (Migração de Dados)",4050001,312,exato
"Sonho de Valsa 20gr","Lacta Sonho de Valsa 20gr",1890002,303,parcial
"Cabaré Ice Limão 275ml","Cabaré Ice Limão 275ml",1230008,300,exato
"Heineken 350ml","Heineken 350ml",510005,299,exato
"Doritos Queijo Nacho 75gr","Doritos Queijo Nacho 75gr",1740003,298,exato
"Ruffles Original 68gr","Ruffles Original 68gr",2640003,295,exato
"Beats Senses Lata 269ml","Beats Senses Lata 269ml",1110001,288,exato
"Cup Noodles (Migração de Dados)","Cup Noodles (Migração de Dados)",4200007,288,exato
"Coco Quadrado 1l","Coco Quadrado 1l",1260012,283,exato
"Rothmans Double Click","Rothmans Double Click",1410007,272,exato
"Trakinas Chocolate 126gr","Trakinas Chocolate 126gr",2730008,271,exato
"Petra 269ml 12 Unidades","Petra 269ml 12 Unidades",420005,266,exato
"Milka (Migração de Dados)","Milka (Migração de Dados)",5220005,263,exato
"Spaten 269ml 8 Unidades","Spaten 269ml 8 Unidades",540019,258,exato
"Coca Cola 2l Retornável Zero Açúcar","Coca Cola 2l Retornável Zero Açúcar",630013,258,exato
"Eternity (Migração de Dados)","Eternity (Migração de Dados)",5220001,256,exato
"Maguary (Migração de Dados)","Maguary (Migração de Dados)",5220013,253,exato
"Coca Cola 350ml Zero Açucar","Coca Cola 350ml Zero Açucar",600002,243,exato
"Sprite 2l","Sprite 2l",1140006,242,exato
"Bic Grande","Bic Grande",2850002,239,exato
"Eisenbahn Pilsen 350ml","Eisenbahn Pilsen 350ml",1500005,236,exato
"Dose Red Label 700ml","Dose Red Label 700ml",3030003,234,exato
"Jack Paiol's Dourado","Jack Paiol's Dourado",1410011,232,exato
"Santomé Suave 1l","Santomé Suave 1l",1470002,228,exato
"Corona Extra 330ml 6 Unidades","Corona Extra 330ml 6 Unidades",540004,220,exato
"Dose Beats GT 700ml","Dose Beats GT 700ml",2940002,218,exato
"Twix 15gr","Twix 15gr",3210004,215,exato
"Dose 50ml Jack Daniel's","Dose 50ml Jack Daniel's",3000005,213,exato
"Velho Barreiro 910ml","Velho Barreiro 910ml",2280011,211,exato
"Sprite 350ml","Sprite 350ml",1170001,205,exato
"Heineken 330ml 0.0% Álcool 6 Unidades","Heineken 330ml 0.0% Álcool 6 Unidades",1080003,204,exato
"Spaten 330ml","Spaten 330ml",540022,203,exato
"Skol 350ml","Skol 350ml",3540002,202,exato
"Palheiro Unidade","Palheiro Unidade",3000001,202,exato
"Tônica Antarctica 350ml","Tônica Antarctica 350ml",2070029,202,exato
"Elma Chips Ovinhos 65gr","Elma Chips Ovinhos 65gr",1830017,202,exato
"Cheetos Onda Requeijão 45gr","Cheetos Onda Requeijão 45gr",1740002,201,exato
"Doritos Queijo Nacho 120gr","Doritos Queijo Nacho 120gr",2580001,193,exato
"Pepsi Twist 2l","Pepsi Twist 2l",1170003,192,exato
"Schweppes 350ml","Schweppes 350ml",1140004,191,exato
"Amsterdam 25gr","Amsterdam 25gr",1590001,182,exato
"Brahma Duplo Malte 350ml 12 Unidades","Brahma Duplo Malte 350ml 12 Unidades",840002,180,exato
"Red Label 1l","Red Label 1l",1740017,177,exato
"Stella Artois 269ml","Stella Artois 269ml",990005,170,exato
"Cantinho do Vale 2l","Cantinho do Vale 2l",2280006,170,exato
"Moema 350ml","Moema 350ml",1650005,169,exato
"Kapo (Migração de Dados)","Kapo (Migração de Dados)",5250007,165,exato
"Dose 50ml Chanceler","Dose 50ml Chanceler",3030005,163,exato
"Schweppes 1,5l","Schweppes 1,5l",1140002,163,exato
"Mansão Maromba (Migração de Dados)","Mansão Maromba (Migração de Dados)",4140006,162,exato
"Coca Cola 1l Zero Açucar","Coca Cola 1l Zero Açucar",630009,161,exato
"Pringles Original 104gr","Pringles Original 104gr",1740008,160,exato
"Rock's (Migração de Dados)","Rock's (Migração de Dados)",5220002,159,exato
"Canelinha Da Rocha 900ml","Canelinha Da Rocha 900ml",1680009,158,exato
"White Horse 1l","White Horse 1l",2070042,158,exato
"51 Ice Limão 275ml","51 Ice Limão 275ml",1230003,157,exato
"Powerade Uva 500ml","Powerade Uva 500ml",2070016,157,exato
"Girls In Green Super Large","Girls In Green Super Large",1590009,156,exato
"Becks 330ml","Becks 330ml",2070008,154,exato
"Coca Cola 1,5l Zero Açucar","Coca Cola 1,5l Zero Açucar",4200004,154,exato
"Pepsi Black 2l","Pepsi Black 2l",1170004,152,exato
"Original 269ml 15 Unidades","Original 269ml 15 Unidades",540015,146,exato
"Heineken 250ml","Heineken 250ml",510003,146,exato
"Papelito Tradicional","Papelito Tradicional",1590007,142,exato
"Baralho (Migração de Dados)","Baralho (Migração de Dados)",5220003,141,exato
"Vulcan Alumínio 50 Folhas","Vulcan Alumínio 50 Folhas",1860001,139,exato
"Jurupinga 975ml","Jurupinga 975ml",1470010,139,exato
"Heineken 350ml 0.0% Álcool","Heineken 350ml 0.0% Álcool",510012,134,exato
"Jack Daniel's Nº 07 1l","Jack Daniel's Nº 07 1l",1740020,131,exato
"Budweiser 350ml 0,0% Álcool","Budweiser 350ml 0,0% Álcool",930001,130,exato
"Acrema 20gr","Acrema 20gr",1860005,129,exato
"Rosh Vuelta","Rosh Vuelta",1860003,127,exato
"Garoto Pastilha Hortelã 17gr","Garoto Pastilha Hortelã 17gr",2130004,126,exato
"Amstel 350ml","Amstel 350ml",2790001,125,exato
"Marlboro Ice Burst","Marlboro Ice Burst",1410001,124,exato
"Soda 2l","Soda 2l",2070033,124,exato
"Baden Baden Ipa 350ml","Baden Baden Ipa 350ml",2040010,123,exato
"Império Pilsen 269ml 15 Unidades","Império Pilsen 269ml 15 Unidades",1680004,120,exato
"Dose Old Parr 700ml","Dose Old Parr 700ml",3030001,118,exato
"Cebolitos 91gr","Cebolitos 91gr",2700005,117,exato
"Coca Cola com Café 220ml","Coca Cola com Café 220ml",4020001,114,exato
"Corona Cero Sunbrew 330ml 0.0%","Corona Cero Sunbrew 330ml 0.0%",540005,113,exato
"Dom Bosco Suave 750ml","Dom Bosco Suave 750ml",2970008,113,exato
"Lays Classica 35gr","Lays Classica 35gr",2640010,105,exato
"Amor Sings Paçoca 18gr","Amor Sings Paçoca 18gr",3210005,104,exato
"Kuat 2l","Kuat 2l",3510002,103,exato
"Zomo Alfafa Slim","Zomo Alfafa Slim",1590002,103,exato
"Stella Artois 330ml","Stella Artois 330ml",990001,103,exato
"Paratudo 900ml","Paratudo 900ml",1680008,102,exato
"Colorado Indica 350ml","Colorado Indica 350ml",3450002,101,exato
"Predator 50 Folhas","Predator 50 Folhas",1560002,100,exato
"Djarum Black (Migração de Dados)","Djarum Black (Migração de Dados)",5220017,98,exato
"Dose Rock's 700ml","Dose Rock's 700ml",1980001,98,exato
"Budweiser 330ml 0,0% Álcool","Budweiser 330ml 0,0% Álcool",930003,97,exato
"Selvagem 900ml","Selvagem 900ml",2250011,96,exato
"Lagunitas Ipa 355ml","Lagunitas Ipa 355ml",5220007,92,exato
"Fanta Laranja 2l Retornável","Fanta Laranja 2l Retornável",630014,91,exato
"Pepsi 2l","Pepsi 2l",1170002,91,exato
"L&M Blue First Cut","L&M Blue First Cut",1380003,91,exato
"Italac Leite Integral 1l","Italac Leite Integral 1l",2130002,90,exato
"Coca Cola 310ml","Coca Cola 310ml",630002,90,exato
"L&M Red First Cut","L&M Red First Cut",1380002,87,exato
"Blue Moon 355ml","Blue Moon 355ml",1680006,86,exato
"Dose Jack Apple 700ml","Dose Jack Apple 700ml",3960001,86,exato
"Dober Dry 900ml","Dober Dry 900ml",2490014,86,exato
"Smirnoff 998ml","Smirnoff 998ml",2190003,85,exato
"Itubaína 350ml","Itubaína 350ml",2070034,84,exato
"Pay Pay GoGreen Slim ","Pay Pay GoGreen Slim ",1590004,84,exato
"Campari 998ml","Campari 998ml",1680010,83,exato
"Eisenbahn Session Ipa 355ml","Eisenbahn Session Ipa 355ml",1500003,83,exato
"Smoking Brown","Smoking Brown",1590010,82,exato
"Chanceler 1l","Chanceler 1l",690012,81,exato
"Bem Bolado Slim","Bem Bolado Slim",3210002,78,exato
"Ypióca Ouro 965ml","Ypióca Ouro 965ml",2970006,76,exato
"Heineken 269ml 0.0% Álcool","Heineken 269ml 0.0% Álcool",510010,76,exato
"Brahma Chopp 269ml","Brahma Chopp 269ml",2010001,76,exato
"Borracha Rosh","Borracha Rosh",3060002,76,exato
"King Blunt","King Blunt",2130011,76,exato
"Eisenbahn Pilsen 355ml","Eisenbahn Pilsen 355ml",1500001,74,exato
"Italac Leite Condesado 395gr","Italac Leite Condesado 395gr",2130003,74,exato
"Fogareiro Pequeno","Fogareiro Pequeno",2790005,74,exato
"Beats Red Mix Lata 269ml","Beats Red Mix Lata 269ml",1110003,74,exato
"Bauduco Chocolate Wafer 140gr","Bauduco Chocolate Wafer 140gr",2730002,73,exato
"Fumax 1Kg","Fumax 1Kg",2820002,73,exato
"Tanqueray London Dry 750ml","Tanqueray London Dry 750ml",1950001,73,exato
"Heineken 250ml 6 Unidades","Heineken 250ml 6 Unidades",510004,73,exato
"Coronita Extra 210ml","Coronita Extra 210ml",540001,73,exato
"Colorado 600ml (Migração de Dados)","Colorado 600ml (Migração de Dados)",4140007,72,exato
"Fandangos Presunto 105gr","Fandangos Presunto 105gr",1740005,72,exato
"Beats Caipirinha Lata 269ml","Beats Caipirinha Lata 269ml",4080002,70,exato
"Coca Cola 1l","Coca Cola 1l",630010,70,exato
"Coca Cola 310ml Zero Açucar","Coca Cola 310ml Zero Açucar",630001,70,exato
"Elma Chips Japonês 145gr","Elma Chips Japonês 145gr",2670008,70,exato
"M&M's 35gr","M&M's 35gr",2130007,69,exato
"Guaraná Antarctica 2l Zero","Guaraná Antarctica 2l Zero",660004,69,exato
"Askov 900ml","Askov 900ml",2310008,68,exato
"Eisenbahn Ale 355ml","Eisenbahn Ale 355ml",3480005,67,exato
"Brahma Chopp 350ml","Brahma Chopp 350ml",2010003,67,exato
"Seasons (Migração de Dados)","Seasons (Migração de Dados)",4170004,63,exato
"Old Parr 12 Anos 1l","Old Parr 12 Anos 1l",3000004,63,exato
"Goose Island Ipa 355ml","Goose Island Ipa 355ml",5220019,61,exato
"Dose 50ml Cavalo Branco","Dose 50ml Cavalo Branco",3030006,61,exato
"Império Lager 275ml","Império Lager 275ml",2280008,61,exato
"Cricket Grande","Cricket Grande",2850003,61,exato
"Heineken 350ml 12 Unidades","Heineken 350ml 12 Unidades",510006,60,exato
"Budweiser 330ml 6 Unidades","Budweiser 330ml 6 Unidades",900001,60,exato
"Dreher 900ml","Dreher 900ml",2190002,59,exato
"Cheetos Mix 82gr","Cheetos Mix 82gr",2700001,56,exato
"Heineken 269ml 0.0% Álcool 8 Unidades","Heineken 269ml 0.0% Álcool 8 Unidades",510011,55,exato
"Cebolitos 36gr","Cebolitos 36gr",2700004,55,exato
"Batom DouBranco 16gr","Batom DouBranco 16gr",2130006,54,exato
"Juan Caloto (Migração de Dados)","Juan Caloto (Migração de Dados)",4140012,53,exato
"Vody 950ml","Vody 950ml",2310006,53,exato
"Xeque Mate 362ml","Xeque Mate 362ml",1200001,52,exato
"43 700ml","43 700ml",2250007,52,exato
"Gold Label 750ml","Gold Label 750ml",2280001,52,exato
"Schornstein (Migração de Dados)","Schornstein (Migração de Dados)",4170003,51,exato
"Gudang Garam Cravo","Gudang Garam Cravo",1410009,51,exato
"Montilla Carta Ouro 1l","Montilla Carta Ouro 1l",2490003,50,exato
"Nusakinho Morango 500ml","Nusakinho Morango 500ml",3240006,50,exato
"Ballantine's Finest 1l","Ballantine's Finest 1l",2280003,49,exato
"Rothmans Red Global","Rothmans Red Global",1410004,48,exato
"51 Ouro 965ml","51 Ouro 965ml",2490005,46,exato
"Furador","Furador",3330004,46,exato
"Itaipava 350ml","Itaipava 350ml",420006,45,exato
"Dose Black Label 700ml","Dose Black Label 700ml",3030004,45,exato
"Beats Tropical Lata 269ml","Beats Tropical Lata 269ml",1110004,44,exato
"São Francisco 970ml","São Francisco 970ml",2340001,44,exato
"Corona Extra 350ml","Corona Extra 350ml",540009,43,exato
"Pettiz 50gr","Pettiz 50gr",1830014,43,exato
"Balalaika 1l","Balalaika 1l",2430006,43,exato
"Wienbier (Migração de Dados)","Wienbier (Migração de Dados)",4110002,42,exato
"Baden Baden Peach 600ml","Baden Baden Peach 600ml",2940005,41,exato
"Beefeater Dry 750ml","Beefeater Dry 750ml",1950002,40,exato
"Ruffles Original 115gr","Ruffles Original 115gr",2640001,40,exato
"Bem Bolado Hemp","Bem Bolado Hemp",1590006,38,exato
"Jack Daniel's Apple 1l","Jack Daniel's Apple 1l",1740019,37,exato
"Coronita Extra 210ml 6 Unidades","Coronita Extra 210ml 6 Unidades",540002,37,exato
"Leuven (Migração de Dados)","Leuven (Migração de Dados)",4140005,36,exato
"Patagonia Ipa 350ml","Patagonia Ipa 350ml",2040004,35,exato
"Hot Coco 56 Peças","Hot Coco 56 Peças",1560004,34,exato
"Ruffles Original 32gr","Ruffles Original 32gr",2640002,34,exato
"Sprite Sem Açucar 2l","Sprite Sem Açucar 2l",1140005,34,exato
"Black Label 1l","Black Label 1l",1740018,30,exato
"Pérgola Bordô 1l","Pérgola Bordô 1l",1470004,29,exato
"Bob Pinga 975ml","Bob Pinga 975ml",2520003,29,exato
"Lacta Shot 80gr","Lacta Shot 80gr",1890012,29,exato
"Heineken 5l","Heineken 5l",510009,28,exato
"Dose Ballantine's 700ml (Red Bull)","Dose Ballantine's 700ml (Red Bull)",3360003,28,exato
"Fogareiro Médio","Fogareiro Médio",2790006,28,exato
"Dose 50ml Black Label","Dose 50ml Black Label",3030007,27,exato
"Furador + Garfo","Furador + Garfo",3330003,26,exato
"Buchanan's 12 Anos 1l","Buchanan's 12 Anos 1l",2190006,26,exato
"Marlboro Tropical Fusion ","Marlboro Tropical Fusion ",1320001,26,exato
"Patagonia Ipa 355ml","Patagonia Ipa 355ml",3450003,25,exato
"Italac Creme de Leite 200gr","Italac Creme de Leite 200gr",2130001,25,exato
"Black & White 1l","Black & White 1l",5220015,25,exato
"Jameson 750ml","Jameson 750ml",2430005,25,exato
"Baden Baden Ipa 600ml","Baden Baden Ipa 600ml",2970001,25,exato
"Bem Bolado Piteira Lager ","Bem Bolado Piteira Lager ",3210003,24,exato
"Absolut 1l","Absolut 1l",3060026,24,exato
"Jack Daniel's Honey 1l","Jack Daniel's Honey 1l",1740021,24,exato
"Blue Moon 350ml","Blue Moon 350ml",1680007,24,exato
"Lacta Sonho de Valsa 98gr","Lacta Sonho de Valsa 98gr",1890013,24,exato
"Vermelhão 700ml","Vermelhão 700ml",5220018,23,exato
"Pack Copo 150ml","Pack Copo 150ml",5250004,23,exato
"Ballantine's 12 Anos 1l","Ballantine's 12 Anos 1l",3090008,23,exato
"Bis Original 100,8gr","Bis Original 100,8gr",1710002,23,exato
"Pitu 965ml","Pitu 965ml",2460001,22,exato
"Budweiser 330ml 0,0% Álcool 6 Unidades","Budweiser 330ml 0,0% Álcool 6 Unidades",930004,22,exato
"Beck's 350ml","Beck's 350ml",2070009,22,exato
"Fireball 750ml","Fireball 750ml",3120006,21,exato
"Unicorn (Migração de Dados)","Unicorn (Migração de Dados)",4290001,21,exato
"Minalba 1,5l","Minalba 1,5l",750001,21,exato
"Petra 350ml","Petra 350ml",420002,21,exato
"Frescca 510ml 12 Unidades","Frescca 510ml 12 Unidades",4200009,20,exato
"Ballena 750ml","Ballena 750ml",2220002,20,exato
"Baconzitos 86gr","Baconzitos 86gr",3540001,20,exato
"Baden Baden Witbier 350ml","Baden Baden Witbier 350ml",2040009,20,exato
"Michelob 350ml","Michelob 350ml",1800002,20,exato
"Coca Cola 1,5l","Coca Cola 1,5l",630011,20,exato
"7 Belo 40gr","7 Belo 40gr",2100007,20,exato
"H2OH! 1,5l (Migração de Dados)","H2OH! 1,5l (Migração de Dados)",5220011,20,exato
"Bohemia 269ml","Bohemia 269ml",4740001,19,exato
"Stella Artois 330ml 6 Unidades","Stella Artois 330ml 6 Unidades",990002,19,exato
"Reobote Cajuína 500ml","Reobote Cajuína 500ml",3240005,19,exato
"Passport Selection 1l","Passport Selection 1l",2310007,19,exato
"Dose Tanqueray 700ml","Dose Tanqueray 700ml",1950009,19,exato
"Dose 50ml Red Label","Dose 50ml Red Label",3030008,18,exato
"Santomé Seco 1l","Santomé Seco 1l",1470003,18,exato
"Dose Malibu 700ml","Dose Malibu 700ml",2520002,18,exato
"Caracu 350ml","Caracu 350ml",2070039,17,exato
"Baden Baden Golden 600ml","Baden Baden Golden 600ml",4110001,17,exato
"Malibu  750ml","Malibu  750ml",2520001,17,exato
"Crystal Com Gás 1,5l","Crystal Com Gás 1,5l",3390001,17,exato
"Jose Cuervo Gold 750ml","Jose Cuervo Gold 750ml",3060042,16,exato
"Jameson Ipa 750ml","Jameson Ipa 750ml",3330001,16,exato
"Dark Horse Slim","Dark Horse Slim",4560001,16,exato
"Beats Green Mix Garrafa 269ml","Beats Green Mix Garrafa 269ml",2040013,16,exato
"Fumax 500","Fumax 500gr",2820001,16,parcial
"Eisenbahn Pilsen 269ml","Eisenbahn Pilsen 269ml",4710001,15,exato
"Bacardí Big Apple 700ml","Bacardí Big Apple 700ml",2280013,15,exato
"Pérgola Branco Suave 1l","Pérgola Branco Suave 1l",1470007,15,exato
"Ciroc 750ml","Ciroc 750ml",3060031,15,exato
"Dose Passport 700ml","Dose Passport 700ml",3180001,14,exato
"Pérgola Tinto Seco 1l","Pérgola Tinto Seco 1l",1470008,14,exato
"Budweiser 350ml","Budweiser 350ml",960001,14,exato
"Pepsi Black 350ml","Pepsi Black 350ml",1170006,14,exato
"Fandangos Presunto 37gr","Fandangos Presunto 37gr",1740006,14,exato
"Minalba Com Gás 1,5l","Minalba Com Gás 1,5l",750003,14,exato
"Amstel Ultra 269ml","Amstel Ultra 269ml",480001,14,exato
"Cabaré Amburana 700ml","Cabaré Amburana 700ml",2310002,13,exato
"Chivas 12 Anos 1l","Chivas 12 Anos 1l",2280002,13,exato
"Buchanan's 12 Anos 750ml","Buchanan's 12 Anos 750ml",2370001,13,exato
"Pérgola Suave 750ml","Pérgola Suave 750ml",1470009,13,exato
"Pepsi 350ml","Pepsi 350ml",1170005,13,exato
"Heineken 350ml 0.0% Álcool 12 Unidades","Heineken 350ml 0.0% Álcool 12 Unidades",510013,12,exato
"Spaten 330ml 6 Unidades","Spaten 330ml 6 Unidades",540023,12,exato
"Pack Copo 700ml","Pack Copo 700ml",5250003,12,exato
"Seagers Dry 1l","Seagers Dry 1l",1950005,12,exato
"Soda 350ml","Soda 350ml",2070031,12,exato
"Fanta Laranja 600ml","Fanta Laranja 600ml",660001,12,exato
"Corona Extra 269ml","Corona Extra 269ml",540007,12,exato
"Cabaré Fire 1l","Cabaré Fire 1l",2490002,11,exato
"Amstel 350ml 12 Unidades","Amstel 350ml 12 Unidades",2790002,11,exato
"Jagermeister 700ml","Jagermeister 700ml",3090001,11,exato
"Antarctica 350ml","Antarctica 350ml",2880001,11,exato
"Dose Buchanan's 700ml","Dose Buchanan's 700ml",4200001,11,exato
"Orloff 1l","Orloff 1l",3600001,11,exato
"Fanta Laranja Zero Açucar 2l","Fanta Laranja Zero Açucar 2l",630015,11,exato
"Budweiser 350ml 0,0% Álcool 8 Unidades","Budweiser 350ml 0,0% Álcool 8 Unidades",930002,10,exato
"Colorado 350ml (Migração de Dados)","Colorado 350ml (Migração de Dados)",4140008,10,exato
"Bombay Sapphire Dry 750ml","Bombay Sapphire Dry 750ml",2250003,10,exato
"Buffalo Trace 750ml","Buffalo Trace 750ml",3060020,10,exato
"Kit Mangueira","Kit Mangueira",4890001,10,exato
"Original 350ml","Original 350ml",540016,10,exato
"Gentleman Jack 1l","Gentleman Jack 1l",3060016,9,exato
"Lagunitas Ipa 350ml","Lagunitas Ipa 350ml",2040007,9,exato
"Marilan 350gr","Marilan 350gr",4800001,9,exato
"Minalba Com Gás 510ml","Minalba Com Gás 510ml",750002,9,exato
"Smirnoff Ice Green Apple 269ml","Smirnoff Ice Green Apple 269ml",1680013,9,exato
"Ypióca 160 Anos 700ml","Ypióca 160 Anos 700ml",3120007,8,exato
"Salinas Tradicional 1l","Salinas Tradicional 1l",3150002,8,exato
"Gordon's Dry 750ml","Gordon's Dry 750ml",2250001,8,exato
"Presidente 900ml","Presidente 900ml",2190001,8,exato
"Bem Bolado Large Brown","Bem Bolado Large Brown",3210001,8,exato
"Casal Garcia Sweet White 750ml","Casal Garcia Sweet White 750ml",1740010,8,exato
"Smirnoff Ice Tropical 269ml","Smirnoff Ice Tropical 269ml",1230002,8,exato
"Brutal Fruit Ruby Apple 275ml","Brutal Fruit Ruby Apple 275ml",2100004,7,exato
"São João da Barra 900ml","São João da Barra 900ml",3000003,7,exato
"Domecq 1l","Domecq 1l",3000002,7,exato
"Jose Cuervo Edição Limitada 750ml","Jose Cuervo Edição Limitada 750ml",3060040,7,exato
"Jim Beam White 1l","Jim Beam White 1l",3210006,7,exato
"Santa Loreto (Migração de Dados)","Santa Loreto (Migração de Dados)",4260002,7,exato
"Concha Y Toro 750ml (Migração de Dados)","Concha Y Toro 750ml (Migração de Dados)",4200005,7,exato
"Beats Senses Garrafa 269ml","Beats Senses Garrafa 269ml",1230011,7,exato
"Elma Chips Amendoim Sem Pele 100gr","Elma Chips Amendoim Sem Pele 100gr",1830016,7,exato
"Stella Artois 350ml","Stella Artois 350ml",2790003,7,exato
"Casal Garcia Rosé 750ml","Casal Garcia Rosé 750ml",1740009,7,exato
"Lacta Favoritos 250,6gr","Lacta Favoritos 250,6gr",1710004,7,exato
"51 Cachaça 965ml","51 Cachaça 965ml",2490013,6,exato
"Doublé Black 1l","Doublé Black 1l",2400001,6,exato
"Black Label 750ml","Black Label 750ml",3570001,6,exato
"Red Label 750ml","Red Label 750ml",1740016,6,exato
"Busca Vida 670ml","Busca Vida 670ml",2940001,6,exato
"Cabaré Ouro 700ml","Cabaré Ouro 700ml",2310001,6,exato
"Seleta do Verdão 700ml","Seleta do Verdão 700ml",3120012,6,exato
"Chandon Brut 750ml","Chandon Brut 750ml",3240004,6,exato
"Marlboro Gold","Marlboro Gold",1350001,6,exato
"Contini Branco 900ml","Contini Branco 900ml",2490008,6,exato
"Black & White Orange 700ml","Black & White Orange 700ml",5220016,6,exato
"Ciroc Red Berry 750ml","Ciroc Red Berry 750ml",1950004,6,exato
"Mansão Maromba Gin Melancia 1l","Mansão Maromba Gin Melancia 1l",2250012,6,exato
"Kero Coco 1l","Kero Coco 1l",1260011,6,exato
"Tônica Antarctica Zero Açucares 350ml","Tônica Antarctica Zero Açucares 350ml",2070030,6,exato
"43 Chocolate 700ml","43 Chocolate 700ml",4140003,5,exato
"The Singleton 750ml","The Singleton 750ml",4620003,5,exato
"Tequi Loka Gold 1l ","Tequi Loka Gold 1l ",3180003,5,exato
"Woodford Reserve 750 ml","Woodford Reserve 750 ml",5220014,5,exato
"Souza Paiol Tradicional","Souza Paiol Tradicional",1410012,5,exato
"Don Luiz 750ml","Don Luiz 750ml",2250005,5,exato
"Itaipava 473ml","Itaipava 473ml",2100002,5,exato
"51 Cachaça 350ml","51 Cachaça 350ml",1620001,5,exato
"Império Pilsen 350ml","Império Pilsen 350ml",2040011,5,exato
"Vibe 2l","Vibe 2l ",660007,5,parcial
"Ballantine's 17 Anos 750ml","Ballantine's 17 Anos 750ml",3090009,4,exato
"Baden Baden Witbier 600ml","Baden Baden Witbier 600ml",2970002,4,exato
"Absolut Raspberri 750ml","Absolut Raspberri 750ml",3060028,4,exato
"Santa Helena Rosé 750ml","Santa Helena Rosé 750ml",4260001,4,exato
"Santa Helena Carmenere 750ml","Santa Helena Carmenere 750ml",3540004,4,exato
"Santomé Bordô 1l","Santomé Bordô 1l",1470001,4,exato
"Concha Y Toro Sauvignon Blanc 750ml","Concha Y Toro Sauvignon Blanc 750ml",2190007,4,exato
"Minalba 510ml","Minalba 510ml",720001,4,exato
"Casal Garcia Tinto 750ml","Casal Garcia Tinto 750ml",1740012,4,exato
"Coca Cola 1l Retornável ","Coca Cola 1l Retornável ",2280007,4,exato
"Cereser Maça Verde 275ml","Cereser Maça Verde 275ml",2100003,4,exato
"Kariri Ouro 960ml","Kariri Ouro 960ml",2310005,3,exato
"Cabaré Prata 700ml","Cabaré Prata 700ml",2310003,3,exato
"Tanqueray Royale 700ml","Tanqueray Royale 700ml",3060009,3,exato
"Amarula 750ml","Amarula 750ml",3180005,3,exato
"Eagle Rare 10 Anos 750ml","Eagle Rare 10 Anos 750ml",2490001,3,exato
"Habitué Absinto 700ml","Habitué Absinto 700ml",3090006,3,exato
"Seleta Tricolor 700ml","Seleta Tricolor 700ml",3120011,3,exato
"Baileys 750ml","Baileys 750ml",2250006,3,exato
"Borracha Vaso Grande","Borracha Vaso Grande",3060003,3,exato
"Borracha Vaso Pequeno","Borracha Vaso Pequeno",3060001,3,exato
"Tequi Loka Silver 1l","Tequi Loka Silver 1l",3180004,3,exato
"Jack Daniel's Fire 1l","Jack Daniel's Fire 1l",1770005,3,exato
"Green Label 750ml","Green Label 750ml",5220012,3,exato
"Jack Daniel's 700ml","Jack Daniel's 700ml",5250002,3,exato
"Santa Helena Malbec 750ml","Santa Helena Malbec 750ml",2130021,3,exato
"Casillero Del Diablo Cabernet Sauvignon 750ml","Casillero Del Diablo Cabernet Sauvignon 750ml",2160002,3,exato
"Santa Loreto Cabernet Sauvignon 750ml","Santa Loreto Cabernet Sauvignon 750ml",2130014,3,exato
"Amstel 355ml","Amstel 355ml",3210011,3,exato
"Casillero Del Diablo Carmenere 750ml","Casillero Del Diablo Carmenere 750ml",2160003,3,exato
"Itubaína Zero 350ml","Itubaína Zero 350ml",2070035,3,exato
"Santa Helena Sauvignon Blanc 750ml","Santa Helena Sauvignon Blanc 750ml",2130019,3,exato
"Stella Artois Pure Gold 330ml","Stella Artois Pure Gold 330ml",990009,3,exato
"Concha Y Toro Cabernet Sauvignon 750ml","Concha Y Toro Cabernet Sauvignon 750ml",1740014,3,exato
"Michelob 330ml","Michelob 330ml",1800001,3,exato
"Patagonia Amber Lager 350ml","Patagonia Amber Lager 350ml",2040005,3,exato
"Concha Y Toro Carmenere 750ml","Concha Y Toro Carmenere 750ml",2130020,3,exato
"Corona Cero Sunbrew 350ml 0.0%","Corona Cero Sunbrew 350ml 0.0%",540011,3,exato
"Coco Leve 190gr","Coco Leve 190gr",2910006,3,exato
"Stella Artois Pure Gold 350ml","Stella Artois Pure Gold 350ml",990007,3,exato
"Concha Y Toro Malbec 750ml","Concha Y Toro Malbec 750ml",1740015,3,exato
"Lindoya Vida 1,5l 6 Unidades","Lindoya Vida 1,5l 6 Unidades",4200006,2,exato
"Ballena Chocolare e Caramelo 750ml","Ballena Chocolare e Caramelo 750ml",2220001,2,exato
"Pack Canudo","Pack Canudo",5250005,2,exato
"Gold Label 18 Anos 750ml","Gold Label 18 Anos 750ml",3060005,2,exato
"Brahma Chopp 269ml 15 Unidades","Brahma Chopp 269ml 15 Unidades",2010002,2,exato
"Amarula Raspberry 750ml","Amarula Raspberry 750ml",3180007,2,exato
"Aperol 750ml","Aperol 750ml",2280004,2,exato
"Vulcan Abafador","Vulcan Abafador",4920001,2,exato
"Sakeih 750ml","Sakeih 750ml",2310004,2,exato
"Jose Cuervo Silver 750ml","Jose Cuervo Silver 750ml",3060041,2,exato
"Tequilero Gold 750ml","Tequilero Gold 750ml",3150006,2,exato
"Grey Goose Strawberry And Lemongrass 750ml","Grey Goose Strawberry And Lemongrass 750ml",3060039,2,exato
"Okinawa 740ml","Okinawa 740ml",2280014,2,exato
"Grey Goose 750ml","Grey Goose 750ml",2190008,2,exato
"Ballantine's 10 Anos 1l","Ballantine's 10 Anos 1l",2280005,2,exato
"Bulleit 750ml","Bulleit 750ml",3060015,2,exato
"Casillero Del Diablo Malbec 750ml","Casillero Del Diablo Malbec 750ml",2160006,2,exato
"Casillero Del Diablo Merlot 750ml","Casillero Del Diablo Merlot 750ml",2160004,2,exato
"Gato Negro Carmenere 750ml","Gato Negro Carmenere 750ml",2160009,2,exato
"Casillero Del Diablo Rosé 750ml","Casillero Del Diablo Rosé 750ml",4200002,2,exato
"Gato Negro 750ml (Migração de Dados)","Gato Negro 750ml (Migração de Dados)",4200008,2,exato
"Gato Negro Malbec 750ml","Gato Negro Malbec 750ml",2160008,2,exato
"Draft 0,0 Alcool 600ml","Draft 0,0 Alcool 600ml",2970003,2,exato
"Cristal 300ml","Cristal 300ml",4140009,2,exato
"Salton Brut 750ml","Salton Brut 750ml",2970004,2,exato
"Salton Demi-Sec 750ml","Salton Demi-Sec 750ml",2970005,2,exato
"Corona Cero Sunbrew 350ml 0.0% 8 Unidades","Corona Cero Sunbrew 350ml 0.0% 8 Unidades",540012,2,exato
"Soda Zero Açucares 350ml","Soda Zero Açucares 350ml",2070032,2,exato
"Beats GT Garrafa 269ml","Beats GT Garrafa 269ml",1230010,2,exato
"Budweiser 269ml 15 Unidades","Budweiser 269ml 15 Unidades",870003,2,exato
"Coca Cola 250ml","Coca Cola 250ml",630003,2,exato
"Brahma Malzbier 350ml","Brahma Malzbier 350ml",2070038,2,exato
"Pérgola Branco Seco 1l","Pérgola Branco Seco 1l",1470006,2,exato
"Matte Leão 1,5l","Matte Leão 1,5l",3240001,2,exato
"Mansão Maromba Vodka 1l","Mansão Maromba Vodka 1l",2250013,1,exato
"Cynar 900ml","Cynar 900ml",2490004,1,exato
"Bulldog London Dry 750ml","Bulldog London Dry 750ml",3060024,1,exato
"Wild Turkey Rye 700ml","Wild Turkey Rye 700ml",3060019,1,exato
"Cardhu 12 anos 1l","Cardhu 12 anos 1l",3060022,1,exato
"Dose 50ml Old Parr","Dose 50ml Old Parr",3000006,1,exato
"Ypióca 150 Anos 700ml","Ypióca 150 Anos 700ml",3120009,1,exato
"Tiss Tubaína 2l","Tiss Tubaína 2l",2520005,1,exato
"Coca Cola 350ml 12 Unidades","Coca Cola 350ml 12 Unidades",4200003,1,exato
"Rosé Piscine 750ml","Rosé Piscine 750ml",2190004,1,exato
"Old Star 1l","Old Star 1l",4470003,1,exato
"Wild Turkey 81 1l","Wild Turkey 81 1l",3060018,1,exato
"Blue Label 750ml","Blue Label 750ml",3060007,1,exato
"Skyy 750ml","Skyy 750ml",2190005,1,exato
"Grey Goose Watermelon 750ml","Grey Goose Watermelon 750ml",3060038,1,exato
"Grey Goose L'Orange 750ml","Grey Goose L'Orange 750ml",3060037,1,exato
"Jack Daniel's Single Barrel 750ml","Jack Daniel's Single Barrel 750ml",3060023,1,exato
"Amarula Ethiopian Coffee 750ml","Amarula Ethiopian Coffee 750ml",3180006,1,exato
"Belvedere 700ml","Belvedere 700ml",3060036,1,exato
"Salinas Cristalina 700ml","Salinas Cristalina 700ml",3150001,1,exato
"Vulcan Rosh","Vulcan Rosh",1860004,1,exato
"Sagatiba Cristalina 700ml","Sagatiba Cristalina 700ml",2280012,1,exato
"Jagermeister 1l","Jagermeister 1l",3060044,1,exato
"Seleta da Vila 700ml","Seleta da Vila 700ml",3120010,1,exato
"Wild Turkey 101 700ml","Wild Turkey 101 700ml",3060017,1,exato
"Long One 2l","Long One 2l",690011,1,exato
"Crystal Com Gás 500ml","Crystal Com Gás 500ml",810002,1,exato
"Jim Beam Black Extra Age 1l","Jim Beam Black Extra Age 1l",3210010,1,exato
"Original 350ml 12 Unidades","Original 350ml 12 Unidades",540017,1,exato
"Santa Helena Chadonnay 750ml","Santa Helena Chadonnay 750ml",3540005,1,exato
"Corona Extra 269ml 8 Unidades","Corona Extra 269ml 8 Unidades",540008,1,exato
"Stella Artois Pure Gold 269ml","Stella Artois Pure Gold 269ml",990003,1,exato
"Brahma 0,0% Álcool 350ml","Brahma 0,0% Álcool 350ml",2040003,1,exato
"Jagermeister Cold Brew Coffe 750ml","Jagermeister Cold Brew Coffe 750ml",3090003,1,exato
"Coca Cola 250ml Zero Açucar","Coca Cola 250ml Zero Açucar",630004,1,exato
"Itaipava 350ml 12 Unidades","Itaipava 350ml 12 Unidades",420007,1,exato
"Colorado Ribeirão Lager 600ml","Colorado Ribeirão Lager 600ml",2940006,1,exato
"Martini Vermouth Rosso 750ml","Martini Vermouth Rosso 750ml",2490007,1,exato
"Patagonia Weisse 350ml","Patagonia Weisse 350ml",2850004,1,exato
"Casillero Del Diablo Sauvignon Blanc 750ml","Casillero Del Diablo Sauvignon Blanc 750ml",2160001,1,exato
"Casal Garcia Verde 750ml","Casal Garcia Verde 750ml",1740011,1,exato
"Crystal 500ml","Crystal 500ml",780001,1,exato
"Sprite Sem Açúcar 350ml","Sprite Sem Açúcar 350ml",2070036,1,exato
"Império Gold 330ml ","Império Gold 330ml ",2280010,1,exato
"Dose Jack Daniel's 700ml","Jack Daniel's 700ml",5250002,1,parcial